name,email,phone,address,payment_terms
A A Calibrating Inc.,,,,
Aera Energy,,,,
All States Material Group,,,,
"Attaway Services Carolina, Inc.",,,,
Austin Tech,,,,
Automated Power Systems (APS),,,,
Buckeye Partners,,,,
BWC Terminals,,,,
Canexus Corporation,,,,
"Cold Brook Energy, Inc.",,,,
Colonial Pipeline Terminals,,,,
Colonial Terminals,,,,
ECO Energy,,,,
Electrical Equipment Company,,,,
Energy Transfer,,,,
"Ergon Asphalt & Emulsions, Inc.",,,,
ExxonMobil,,,,
FHG INC.,,,,
Gardner Asphalt Supply,,,,
Global Companies LLC,,,,
Gulf Oil L.P.,,,,
"Host Terminals, LLC",,,,
Icon Mechanical,,,,
IMTT,,,,
Jefferson Energy Companies,,,,
JET Infrastructure,,,,
Kinder Morgan,,,,
Lincoln Terminal Company,,,,
Marathon Petroleum,,,,
Origin-Americas,,,,
"Par Pacific Holdings, Inc.",,,,
PBF Energy,,,,
"Petro-Chem Services, Inc.",,,,
Primax Colombia S.A.,,,,
"Ray Terminals, LLC",,,,
Repauno Port & Rail Terminal,,,,
Saratoga RP East,,,,
Seaport Canaveral,,,,
SHI International Corp.,,,,
Summers,,,,
Sunoco Logistics,,,,
Sunshine Gasoline,,,,
tastechnical,,,,
Tesoro,,,,
Thorntons Inc,,,,
Tidewater Terminal Company,,,,
Titan Industries Inc,,,,
Toptech Systems Inc.,,,,
TRAC,,,,
Vecenergy,,,,
wing electric,,,,
"XL Industrial Services, Inc.",,,,
Zenith Energy Terminals Holdings LLC ,,,,
