customer_name,name,address
Buckeye Partners,Albany,
Buckeye Partners,Albany (Mag),
Buckeye Partners,Argo,
Buckeye Partners,Atlanta (Mag),
Buckeye Partners,Baltimore (Hess),
Buckeye Partners,Bangor,
Buckeye Partners,Bayonne (Hess),
Buckeye Partners,Belton (BP),
Buckeye Partners,Bettendorf (BP),
Buckeye Partners,Birmingham (BP),
Buckeye Partners,Birmingham (Mag),
Buckeye Partners,Brewerton,
Buckeye Partners,Buffalo,
Buckeye Partners,Canton (BP),
Buckeye Partners,Cedar Rapids (BP),
Buckeye Partners,Charleston (Hess),
Buckeye Partners,Charlotte 1 (Mag),
Buckeye Partners,Charlotte 2 (Mag),
Buckeye Partners,Chattanooga 1 (Mag),
Buckeye Partners,Chattanooga 2 (Mag),
Buckeye Partners,Chesapeake (Hess),
Buckeye Partners,Cincinnati,
Buckeye Partners,Cleveland,
Buckeye Partners,Columbus,
Buckeye Partners,Columbus South (BP),
Buckeye Partners,Corapolis/Pittsburg (BP),
Buckeye Partners,Council Bluffs (BP),
Buckeye Partners,Cuyahoga (BP),
Buckeye Partners,Dayton,
Buckeye Partners,Dearborn (BP),
Buckeye Partners,Des Moines (BP),
Buckeye Partners,Detroit,
Buckeye Partners,Dickson (DV),
Buckeye Partners,Doraville 1 (Mag),
Buckeye Partners,Doraville 2 (Mag),
Buckeye Partners,East Chicago,
Buckeye Partners,East Chicago (Propylene),
Buckeye Partners,Effingham,
Buckeye Partners,Fairfax (BP),
Buckeye Partners,Ferrysburg,
Buckeye Partners,Flint,
Buckeye Partners,Fort Lauderdale (Hess),
Buckeye Partners,Granger (BP),
Buckeye Partners,Granville/Milwaukee (BP),
Buckeye Partners,Greensboro 1 (Mag),
Buckeye Partners,Greensboro 2 (Mag),
Buckeye Partners,Greensburg (BP),
Buckeye Partners,Groton (Hess),
Buckeye Partners,Hammond,
Buckeye Partners,Harristown,
Buckeye Partners,Hartsdale,
Buckeye Partners,Hub - BTH (TX),
Buckeye Partners,Huntington,
Buckeye Partners,Indianapolis,
Buckeye Partners,Indianola,
Buckeye Partners,Jacksonville (Hess),
Buckeye Partners,Jacksonville Rail Site,
Buckeye Partners,Knoxville 1 (Mag),
Buckeye Partners,Knoxville 2 (Mag),
Buckeye Partners,Lima North,
Buckeye Partners,Lima South,
Buckeye Partners,Linden,
Buckeye Partners,Lorain (BP),
Buckeye Partners,Louisville (BP),
Buckeye Partners,Macon (Mag),
Buckeye Partners,Macungie (BES),
Buckeye Partners,Macungie (BET),
Buckeye Partners,Malvern,
Buckeye Partners,Marcy,
Buckeye Partners,Marerro,
Buckeye Partners,Marshall,
Buckeye Partners,Midland,
Buckeye Partners,Montgomery (BP),
Buckeye Partners,Muncie,
Buckeye Partners,Napoleon (BP),
Buckeye Partners,Nashville 1 (Mag),
Buckeye Partners,Nashville 2 (Mag),
Buckeye Partners,New Haven - East,
Buckeye Partners,New Haven - Forbes,
Buckeye Partners,New Haven - WaterFront,
Buckeye Partners,Niles,
Buckeye Partners,Niles West,
Buckeye Partners,Opelousas,
Buckeye Partners,Ottumwa (BP),
Buckeye Partners,Pennsauken (Hess),
Buckeye Partners,Peotone,
Buckeye Partners,Perth Amboy,
Buckeye Partners,Pittsburg (BP),
Buckeye Partners,Port Reading (Hess),
Buckeye Partners,Port Wilmington (DE),
Buckeye Partners,Portland,
Buckeye Partners,Processing - BTP (TX),
Buckeye Partners,Raceway,
Buckeye Partners,Rennselaer (Hess),
Buckeye Partners,Richmond (BP),
Buckeye Partners,Richmond (Mag),
Buckeye Partners,River Rouge (BP),
Buckeye Partners,Roanoke (Mag),
Buckeye Partners,Rochester North,
Buckeye Partners,Rochester South,
Buckeye Partners,Rochester West (Hess),
Buckeye Partners,Rockford,
Buckeye Partners,Roseton (Hess),
Buckeye Partners,Selma (Mag),
Buckeye Partners,Spartanburg (BP),
Buckeye Partners,Springfield (XOM),
Buckeye Partners,St Louis North,
Buckeye Partners,St. Charles (Mag),
Buckeye Partners,St. Lucia,
Buckeye Partners,Sugar Creek (BP),
Buckeye Partners,Sweetwater/North Augusta(BP),
Buckeye Partners,Tampa North (Hess),
Buckeye Partners,Tampa Rail Site,
Buckeye Partners,Tampa South (BP),
Buckeye Partners,Taylor,
Buckeye Partners,Taylor East,
Buckeye Partners,Toledo (BP),
Buckeye Partners,Trenton,
Buckeye Partners,Tuckerton,
Buckeye Partners,Tuscola,
Buckeye Partners,Utica,
Buckeye Partners,Vestal,
Buckeye Partners,Warren (BP),
Buckeye Partners,Wethersfield,
Buckeye Partners,Williamsport,
Buckeye Partners,Woodhaven,
Buckeye Partners,Yabucoa,
Buckeye Partners,Zionsville,
